schema_name	index_name	table_name	owner	access_method	definition
public	access_tokens_pkey	access_tokens	gbrain	btree	CREATE UNIQUE INDEX access_tokens_pkey ON public.access_tokens USING btree (id)
public	access_tokens_token_hash_key	access_tokens	gbrain	btree	CREATE UNIQUE INDEX access_tokens_token_hash_key ON public.access_tokens USING btree (token_hash)
public	ai_review_assignments_pkey	ai_review_assignments	gbrain	btree	CREATE UNIQUE INDEX ai_review_assignments_pkey ON public.ai_review_assignments USING btree (id)
public	ai_review_assignments_reviewer_idx	ai_review_assignments	gbrain	btree	CREATE INDEX ai_review_assignments_reviewer_idx ON public.ai_review_assignments USING btree (reviewer_email, status)
public	ai_review_assignments_round_id_reviewer_email_key	ai_review_assignments	gbrain	btree	CREATE UNIQUE INDEX ai_review_assignments_round_id_reviewer_email_key ON public.ai_review_assignments USING btree (round_id, reviewer_email)
public	ai_review_events_pkey	ai_review_events	gbrain	btree	CREATE UNIQUE INDEX ai_review_events_pkey ON public.ai_review_events USING btree (id)
public	ai_review_events_target_idx	ai_review_events	gbrain	btree	CREATE INDEX ai_review_events_target_idx ON public.ai_review_events USING btree (target_type, target_id, created_at DESC)
public	ai_review_revisions_pkey	ai_review_revisions	gbrain	btree	CREATE UNIQUE INDEX ai_review_revisions_pkey ON public.ai_review_revisions USING btree (id)
public	ai_review_revisions_target_idx	ai_review_revisions	gbrain	btree	CREATE INDEX ai_review_revisions_target_idx ON public.ai_review_revisions USING btree (target_type, target_id, created_at DESC)
public	ai_review_rounds_active_idx	ai_review_rounds	gbrain	btree	CREATE UNIQUE INDEX ai_review_rounds_active_idx ON public.ai_review_rounds USING btree (target_type, target_id) WHERE (status = ANY (ARRAY['open'::text, 'escalated'::text, 'finalizing'::text]))
public	ai_review_rounds_pkey	ai_review_rounds	gbrain	btree	CREATE UNIQUE INDEX ai_review_rounds_pkey ON public.ai_review_rounds USING btree (id)
public	ai_review_rounds_status_due_idx	ai_review_rounds	gbrain	btree	CREATE INDEX ai_review_rounds_status_due_idx ON public.ai_review_rounds USING btree (status, due_at)
public	ai_review_votes_active_idx	ai_review_votes	gbrain	btree	CREATE UNIQUE INDEX ai_review_votes_active_idx ON public.ai_review_votes USING btree (assignment_id) WHERE (active = true)
public	ai_review_votes_idempotency_idx	ai_review_votes	gbrain	btree	CREATE UNIQUE INDEX ai_review_votes_idempotency_idx ON public.ai_review_votes USING btree (assignment_id, idempotency_key)
public	ai_review_votes_pkey	ai_review_votes	gbrain	btree	CREATE UNIQUE INDEX ai_review_votes_pkey ON public.ai_review_votes USING btree (id)
public	ai_review_votes_round_idx	ai_review_votes	gbrain	btree	CREATE INDEX ai_review_votes_round_idx ON public.ai_review_votes USING btree (round_id, created_at DESC)
public	budget_ledger_pkey	budget_ledger	gbrain	btree	CREATE UNIQUE INDEX budget_ledger_pkey ON public.budget_ledger USING btree (scope, resolver_id, local_date)
public	budget_reservations_pkey	budget_reservations	gbrain	btree	CREATE UNIQUE INDEX budget_reservations_pkey ON public.budget_reservations USING btree (reservation_id)
public	calibration_profiles_bias_tags_gin	calibration_profiles	gbrain	gin	CREATE INDEX calibration_profiles_bias_tags_gin ON public.calibration_profiles USING gin (active_bias_tags)
public	calibration_profiles_holder_recent_idx	calibration_profiles	gbrain	btree	CREATE INDEX calibration_profiles_holder_recent_idx ON public.calibration_profiles USING btree (source_id, holder, generated_at DESC)
public	calibration_profiles_pkey	calibration_profiles	gbrain	btree	CREATE UNIQUE INDEX calibration_profiles_pkey ON public.calibration_profiles USING btree (id)
public	calibration_profiles_published_idx	calibration_profiles	gbrain	btree	CREATE INDEX calibration_profiles_published_idx ON public.calibration_profiles USING btree (source_id, published, holder) WHERE (published = true)
public	code_edges_chunk_pkey	code_edges_chunk	gbrain	btree	CREATE UNIQUE INDEX code_edges_chunk_pkey ON public.code_edges_chunk USING btree (id)
public	code_edges_chunk_unique	code_edges_chunk	gbrain	btree	CREATE UNIQUE INDEX code_edges_chunk_unique ON public.code_edges_chunk USING btree (from_chunk_id, to_chunk_id, edge_type)
public	code_edges_symbol_pkey	code_edges_symbol	gbrain	btree	CREATE UNIQUE INDEX code_edges_symbol_pkey ON public.code_edges_symbol USING btree (id)
public	code_edges_symbol_unique	code_edges_symbol	gbrain	btree	CREATE UNIQUE INDEX code_edges_symbol_unique ON public.code_edges_symbol USING btree (from_chunk_id, to_symbol_qualified, edge_type)
public	code_traversal_cache_key_idx	code_traversal_cache	gbrain	btree	CREATE UNIQUE INDEX code_traversal_cache_key_idx ON public.code_traversal_cache USING btree (symbol_qualified, depth, source_id)
public	code_traversal_cache_pkey	code_traversal_cache	gbrain	btree	CREATE UNIQUE INDEX code_traversal_cache_pkey ON public.code_traversal_cache USING btree (id)
public	code_traversal_cache_source_idx	code_traversal_cache	gbrain	btree	CREATE INDEX code_traversal_cache_source_idx ON public.code_traversal_cache USING btree (source_id)
public	concept_proposals_pending_idx	concept_proposals	gbrain	btree	CREATE INDEX concept_proposals_pending_idx ON public.concept_proposals USING btree (source_id, status, proposed_at DESC) WHERE (status = 'pending'::text)
public	concept_proposals_pkey	concept_proposals	gbrain	btree	CREATE UNIQUE INDEX concept_proposals_pkey ON public.concept_proposals USING btree (id)
public	concept_proposals_source_id_page_slug_source_content_hash_p_key	concept_proposals	gbrain	btree	CREATE UNIQUE INDEX concept_proposals_source_id_page_slug_source_content_hash_p_key ON public.concept_proposals USING btree (source_id, page_slug, source_content_hash, prompt_version)
public	config_pkey	config	gbrain	btree	CREATE UNIQUE INDEX config_pkey ON public.config USING btree (key)
public	content_chunks_pkey	content_chunks	gbrain	btree	CREATE UNIQUE INDEX content_chunks_pkey ON public.content_chunks USING btree (id)
public	content_chunks_stale_idx	content_chunks	gbrain	btree	CREATE INDEX content_chunks_stale_idx ON public.content_chunks USING btree (page_id, chunk_index) WHERE (embedding IS NULL)
public	context_volunteer_events_pkey	context_volunteer_events	gbrain	btree	CREATE UNIQUE INDEX context_volunteer_events_pkey ON public.context_volunteer_events USING btree (id)
public	context_volunteer_events_src_slug_idx	context_volunteer_events	gbrain	btree	CREATE INDEX context_volunteer_events_src_slug_idx ON public.context_volunteer_events USING btree (source_id, slug)
public	context_volunteer_events_src_time_idx	context_volunteer_events	gbrain	btree	CREATE INDEX context_volunteer_events_src_time_idx ON public.context_volunteer_events USING btree (source_id, volunteered_at DESC)
public	conversation_parser_llm_cache_pkey	conversation_parser_llm_cache	gbrain	btree	CREATE UNIQUE INDEX conversation_parser_llm_cache_pkey ON public.conversation_parser_llm_cache USING btree (content_sha256, model_id, call_shape)
public	dream_verdicts_pkey	dream_verdicts	gbrain	btree	CREATE UNIQUE INDEX dream_verdicts_pkey ON public.dream_verdicts USING btree (file_path, content_hash)
public	drift_decisions_pkey	drift_decisions	gbrain	btree	CREATE UNIQUE INDEX drift_decisions_pkey ON public.drift_decisions USING btree (id)
public	eval_candidates_pkey	eval_candidates	gbrain	btree	CREATE UNIQUE INDEX eval_candidates_pkey ON public.eval_candidates USING btree (id)
public	eval_capture_failures_pkey	eval_capture_failures	gbrain	btree	CREATE UNIQUE INDEX eval_capture_failures_pkey ON public.eval_capture_failures USING btree (id)
public	eval_contradictions_cache_expires_idx	eval_contradictions_cache	gbrain	btree	CREATE INDEX eval_contradictions_cache_expires_idx ON public.eval_contradictions_cache USING btree (expires_at)
public	eval_contradictions_cache_pkey	eval_contradictions_cache	gbrain	btree	CREATE UNIQUE INDEX eval_contradictions_cache_pkey ON public.eval_contradictions_cache USING btree (chunk_a_hash, chunk_b_hash, model_id, prompt_version, truncation_policy)
public	eval_contradictions_runs_pkey	eval_contradictions_runs	gbrain	btree	CREATE UNIQUE INDEX eval_contradictions_runs_pkey ON public.eval_contradictions_runs USING btree (run_id)
public	eval_contradictions_runs_ran_at_idx	eval_contradictions_runs	gbrain	btree	CREATE INDEX eval_contradictions_runs_ran_at_idx ON public.eval_contradictions_runs USING btree (ran_at DESC)
public	eval_takes_quality_runs_pkey	eval_takes_quality_runs	gbrain	btree	CREATE UNIQUE INDEX eval_takes_quality_runs_pkey ON public.eval_takes_quality_runs USING btree (id)
public	eval_takes_quality_runs_receipt_sha8_corpus_receipt_sha8_pr_key	eval_takes_quality_runs	gbrain	btree	CREATE UNIQUE INDEX eval_takes_quality_runs_receipt_sha8_corpus_receipt_sha8_pr_key ON public.eval_takes_quality_runs USING btree (receipt_sha8_corpus, receipt_sha8_prompt, receipt_sha8_models, receipt_sha8_rubric)
public	eval_takes_quality_runs_trend_idx	eval_takes_quality_runs	gbrain	btree	CREATE INDEX eval_takes_quality_runs_trend_idx ON public.eval_takes_quality_runs USING btree (rubric_version, created_at DESC)
public	extract_rollup_7d_pkey	extract_rollup_7d	gbrain	btree	CREATE UNIQUE INDEX extract_rollup_7d_pkey ON public.extract_rollup_7d USING btree (kind, source_id, day)
public	facts_pkey	facts	gbrain	btree	CREATE UNIQUE INDEX facts_pkey ON public.facts USING btree (id)
public	facts_typed_claim_idx	facts	gbrain	btree	CREATE INDEX facts_typed_claim_idx ON public.facts USING btree (entity_slug, claim_metric, valid_from) WHERE (claim_metric IS NOT NULL)
public	file_migration_ledger_pkey	file_migration_ledger	gbrain	btree	CREATE UNIQUE INDEX file_migration_ledger_pkey ON public.file_migration_ledger USING btree (file_id)
public	files_pkey	files	gbrain	btree	CREATE UNIQUE INDEX files_pkey ON public.files USING btree (id)
public	files_storage_path_key	files	gbrain	btree	CREATE UNIQUE INDEX files_storage_path_key ON public.files USING btree (storage_path)
public	gbrain_cycle_locks_pkey	gbrain_cycle_locks	gbrain	btree	CREATE UNIQUE INDEX gbrain_cycle_locks_pkey ON public.gbrain_cycle_locks USING btree (id)
public	idx_access_tokens_hash	access_tokens	gbrain	btree	CREATE INDEX idx_access_tokens_hash ON public.access_tokens USING btree (token_hash) WHERE (revoked_at IS NULL)
public	idx_budget_reservations_expires	budget_reservations	gbrain	btree	CREATE INDEX idx_budget_reservations_expires ON public.budget_reservations USING btree (expires_at) WHERE (status = 'held'::text)
public	idx_chunks_embedding	content_chunks	gbrain	hnsw	CREATE INDEX idx_chunks_embedding ON public.content_chunks USING hnsw (embedding vector_cosine_ops)
public	idx_chunks_embedding_image	content_chunks	gbrain	hnsw	CREATE INDEX idx_chunks_embedding_image ON public.content_chunks USING hnsw (embedding_image vector_cosine_ops) WHERE (embedding_image IS NOT NULL)
public	idx_chunks_embedding_null	content_chunks	gbrain	btree	CREATE INDEX idx_chunks_embedding_null ON public.content_chunks USING btree (page_id, chunk_index) WHERE (embedding IS NULL)
public	idx_chunks_language	content_chunks	gbrain	btree	CREATE INDEX idx_chunks_language ON public.content_chunks USING btree (language) WHERE (language IS NOT NULL)
public	idx_chunks_page	content_chunks	gbrain	btree	CREATE INDEX idx_chunks_page ON public.content_chunks USING btree (page_id)
public	idx_chunks_page_index	content_chunks	gbrain	btree	CREATE UNIQUE INDEX idx_chunks_page_index ON public.content_chunks USING btree (page_id, chunk_index)
public	idx_chunks_search_vector	content_chunks	gbrain	gin	CREATE INDEX idx_chunks_search_vector ON public.content_chunks USING gin (search_vector)
public	idx_chunks_symbol_name	content_chunks	gbrain	btree	CREATE INDEX idx_chunks_symbol_name ON public.content_chunks USING btree (symbol_name) WHERE (symbol_name IS NOT NULL)
public	idx_chunks_symbol_qualified	content_chunks	gbrain	btree	CREATE INDEX idx_chunks_symbol_qualified ON public.content_chunks USING btree (symbol_name_qualified) WHERE (symbol_name_qualified IS NOT NULL)
public	idx_code_edges_chunk_from	code_edges_chunk	gbrain	btree	CREATE INDEX idx_code_edges_chunk_from ON public.code_edges_chunk USING btree (from_chunk_id, edge_type)
public	idx_code_edges_chunk_from_symbol	code_edges_chunk	gbrain	btree	CREATE INDEX idx_code_edges_chunk_from_symbol ON public.code_edges_chunk USING btree (from_symbol_qualified)
public	idx_code_edges_chunk_to	code_edges_chunk	gbrain	btree	CREATE INDEX idx_code_edges_chunk_to ON public.code_edges_chunk USING btree (to_chunk_id, edge_type)
public	idx_code_edges_chunk_to_symbol	code_edges_chunk	gbrain	btree	CREATE INDEX idx_code_edges_chunk_to_symbol ON public.code_edges_chunk USING btree (to_symbol_qualified, edge_type)
public	idx_code_edges_symbol_from	code_edges_symbol	gbrain	btree	CREATE INDEX idx_code_edges_symbol_from ON public.code_edges_symbol USING btree (from_chunk_id, edge_type)
public	idx_code_edges_symbol_from_symbol	code_edges_symbol	gbrain	btree	CREATE INDEX idx_code_edges_symbol_from_symbol ON public.code_edges_symbol USING btree (from_symbol_qualified)
public	idx_code_edges_symbol_resolver	code_edges_symbol	gbrain	btree	CREATE INDEX idx_code_edges_symbol_resolver ON public.code_edges_symbol USING btree (source_id, to_symbol_qualified)
public	idx_code_edges_symbol_to	code_edges_symbol	gbrain	btree	CREATE INDEX idx_code_edges_symbol_to ON public.code_edges_symbol USING btree (to_symbol_qualified, edge_type)
public	idx_content_chunks_edges_backfill	content_chunks	gbrain	btree	CREATE INDEX idx_content_chunks_edges_backfill ON public.content_chunks USING btree (edges_backfilled_at) WHERE (edges_backfilled_at IS NULL)
public	idx_content_chunks_symbol_lookup	content_chunks	gbrain	btree	CREATE INDEX idx_content_chunks_symbol_lookup ON public.content_chunks USING btree (page_id, symbol_name_qualified) WHERE (symbol_name_qualified IS NOT NULL)
public	idx_conversation_parser_llm_cache_created	conversation_parser_llm_cache	gbrain	btree	CREATE INDEX idx_conversation_parser_llm_cache_created ON public.conversation_parser_llm_cache USING btree (created_at)
public	idx_cycle_locks_ttl	gbrain_cycle_locks	gbrain	btree	CREATE INDEX idx_cycle_locks_ttl ON public.gbrain_cycle_locks USING btree (ttl_expires_at)
public	idx_drift_decisions_decided_at	drift_decisions	gbrain	btree	CREATE INDEX idx_drift_decisions_decided_at ON public.drift_decisions USING btree (decided_at DESC)
public	idx_drift_decisions_take	drift_decisions	gbrain	btree	CREATE INDEX idx_drift_decisions_take ON public.drift_decisions USING btree (take_id)
public	idx_eval_candidates_created_at	eval_candidates	gbrain	btree	CREATE INDEX idx_eval_candidates_created_at ON public.eval_candidates USING btree (created_at DESC)
public	idx_eval_capture_failures_ts	eval_capture_failures	gbrain	btree	CREATE INDEX idx_eval_capture_failures_ts ON public.eval_capture_failures USING btree (ts DESC)
public	idx_extract_rollup_7d_day	extract_rollup_7d	gbrain	btree	CREATE INDEX idx_extract_rollup_7d_day ON public.extract_rollup_7d USING btree (day)
public	idx_facts_embedding_hnsw	facts	gbrain	hnsw	CREATE INDEX idx_facts_embedding_hnsw ON public.facts USING hnsw (embedding vector_cosine_ops) WHERE ((embedding IS NOT NULL) AND (expired_at IS NULL))
public	idx_facts_entity_active	facts	gbrain	btree	CREATE INDEX idx_facts_entity_active ON public.facts USING btree (source_id, entity_slug, valid_from DESC) WHERE (expired_at IS NULL)
public	idx_facts_extract_conversation_session	facts	gbrain	btree	CREATE INDEX idx_facts_extract_conversation_session ON public.facts USING btree (source_id, source_session) WHERE (source ~~ 'cli:extract-conversation-facts%'::text)
public	idx_facts_fence_key	facts	gbrain	btree	CREATE UNIQUE INDEX idx_facts_fence_key ON public.facts USING btree (source_id, source_markdown_slug, row_num) WHERE (row_num IS NOT NULL)
public	idx_facts_session	facts	gbrain	btree	CREATE INDEX idx_facts_session ON public.facts USING btree (source_id, source_session, created_at DESC) WHERE (expired_at IS NULL)
public	idx_facts_since	facts	gbrain	btree	CREATE INDEX idx_facts_since ON public.facts USING btree (source_id, created_at DESC) WHERE (expired_at IS NULL)
public	idx_facts_unconsolidated	facts	gbrain	btree	CREATE INDEX idx_facts_unconsolidated ON public.facts USING btree (source_id, entity_slug) WHERE ((consolidated_at IS NULL) AND (expired_at IS NULL))
public	idx_file_migration_ledger_status	file_migration_ledger	gbrain	btree	CREATE INDEX idx_file_migration_ledger_status ON public.file_migration_ledger USING btree (status) WHERE (status <> 'complete'::text)
public	idx_files_hash	files	gbrain	btree	CREATE INDEX idx_files_hash ON public.files USING btree (content_hash)
public	idx_files_page	files	gbrain	btree	CREATE INDEX idx_files_page ON public.files USING btree (page_slug)
public	idx_files_page_id	files	gbrain	btree	CREATE INDEX idx_files_page_id ON public.files USING btree (page_id)
public	idx_files_source_id	files	gbrain	btree	CREATE INDEX idx_files_source_id ON public.files USING btree (source_id)
public	idx_ingest_log_source_type_created	ingest_log	gbrain	btree	CREATE INDEX idx_ingest_log_source_type_created ON public.ingest_log USING btree (source_id, source_type, created_at DESC)
public	idx_links_from	links	gbrain	btree	CREATE INDEX idx_links_from ON public.links USING btree (from_page_id)
public	idx_links_origin	links	gbrain	btree	CREATE INDEX idx_links_origin ON public.links USING btree (origin_page_id)
public	idx_links_source	links	gbrain	btree	CREATE INDEX idx_links_source ON public.links USING btree (link_source)
public	idx_links_to	links	gbrain	btree	CREATE INDEX idx_links_to ON public.links USING btree (to_page_id)
public	idx_mcp_log_agent_time	mcp_request_log	gbrain	btree	CREATE INDEX idx_mcp_log_agent_time ON public.mcp_request_log USING btree (agent_name, created_at DESC)
public	idx_mcp_log_time_agent	mcp_request_log	gbrain	btree	CREATE INDEX idx_mcp_log_time_agent ON public.mcp_request_log USING btree (created_at, token_name)
public	idx_mcp_spend_log_client_time	mcp_spend_log	gbrain	btree	CREATE INDEX idx_mcp_spend_log_client_time ON public.mcp_spend_log USING btree (client_id, created_at)
public	idx_mcp_spend_log_token_time	mcp_spend_log	gbrain	btree	CREATE INDEX idx_mcp_spend_log_token_time ON public.mcp_spend_log USING btree (token_name, created_at)
public	idx_mcp_spend_reservations_client_time	mcp_spend_reservations	gbrain	btree	CREATE INDEX idx_mcp_spend_reservations_client_time ON public.mcp_spend_reservations USING btree (client_id, created_at)
public	idx_mcp_spend_reservations_pending_expires	mcp_spend_reservations	gbrain	btree	CREATE INDEX idx_mcp_spend_reservations_pending_expires ON public.mcp_spend_reservations USING btree (status, expires_at) WHERE (status = 'pending'::text)
public	idx_minion_attachments_job	minion_attachments	gbrain	btree	CREATE INDEX idx_minion_attachments_job ON public.minion_attachments USING btree (job_id)
public	idx_minion_inbox_child_done	minion_inbox	gbrain	btree	CREATE INDEX idx_minion_inbox_child_done ON public.minion_inbox USING btree (job_id, sent_at) WHERE ((payload ->> 'type'::text) = 'child_done'::text)
public	idx_minion_inbox_unread	minion_inbox	gbrain	btree	CREATE INDEX idx_minion_inbox_unread ON public.minion_inbox USING btree (job_id) WHERE (read_at IS NULL)
public	idx_minion_jobs_claim	minion_jobs	gbrain	btree	CREATE INDEX idx_minion_jobs_claim ON public.minion_jobs USING btree (queue, priority, created_at) WHERE (status = 'waiting'::text)
public	idx_minion_jobs_delayed	minion_jobs	gbrain	btree	CREATE INDEX idx_minion_jobs_delayed ON public.minion_jobs USING btree (delay_until) WHERE (status = 'delayed'::text)
public	idx_minion_jobs_parent	minion_jobs	gbrain	btree	CREATE INDEX idx_minion_jobs_parent ON public.minion_jobs USING btree (parent_job_id)
public	idx_minion_jobs_parent_status	minion_jobs	gbrain	btree	CREATE INDEX idx_minion_jobs_parent_status ON public.minion_jobs USING btree (parent_job_id, status) WHERE (parent_job_id IS NOT NULL)
public	idx_minion_jobs_stagger_key	minion_jobs	gbrain	btree	CREATE INDEX idx_minion_jobs_stagger_key ON public.minion_jobs USING btree (stagger_key) WHERE (stagger_key IS NOT NULL)
public	idx_minion_jobs_stalled	minion_jobs	gbrain	btree	CREATE INDEX idx_minion_jobs_stalled ON public.minion_jobs USING btree (lock_until) WHERE (status = 'active'::text)
public	idx_minion_jobs_status	minion_jobs	gbrain	btree	CREATE INDEX idx_minion_jobs_status ON public.minion_jobs USING btree (status)
public	idx_minion_jobs_timeout	minion_jobs	gbrain	btree	CREATE INDEX idx_minion_jobs_timeout ON public.minion_jobs USING btree (timeout_at) WHERE ((status = 'active'::text) AND (timeout_at IS NOT NULL))
public	idx_oauth_clients_federated_read	oauth_clients	gbrain	gin	CREATE INDEX idx_oauth_clients_federated_read ON public.oauth_clients USING gin (federated_read)
public	idx_oauth_clients_source_id	oauth_clients	gbrain	btree	CREATE INDEX idx_oauth_clients_source_id ON public.oauth_clients USING btree (source_id) WHERE (source_id IS NOT NULL)
public	idx_oauth_tokens_client	oauth_tokens	gbrain	btree	CREATE INDEX idx_oauth_tokens_client ON public.oauth_tokens USING btree (client_id)
public	idx_oauth_tokens_expiry	oauth_tokens	gbrain	btree	CREATE INDEX idx_oauth_tokens_expiry ON public.oauth_tokens USING btree (expires_at)
public	idx_pages_frontmatter	pages	gbrain	gin	CREATE INDEX idx_pages_frontmatter ON public.pages USING gin (frontmatter)
public	idx_pages_search	pages	gbrain	gin	CREATE INDEX idx_pages_search ON public.pages USING gin (search_vector)
public	idx_pages_source_id	pages	gbrain	btree	CREATE INDEX idx_pages_source_id ON public.pages USING btree (source_id)
public	idx_pages_trgm	pages	gbrain	gin	CREATE INDEX idx_pages_trgm ON public.pages USING gin (title gin_trgm_ops)
public	idx_pages_type	pages	gbrain	btree	CREATE INDEX idx_pages_type ON public.pages USING btree (type)
public	idx_pages_updated_at_desc	pages	gbrain	btree	CREATE INDEX idx_pages_updated_at_desc ON public.pages USING btree (updated_at DESC)
public	idx_query_cache_embedding_hnsw	query_cache	gbrain	hnsw	CREATE INDEX idx_query_cache_embedding_hnsw ON public.query_cache USING hnsw (embedding vector_cosine_ops) WHERE (embedding IS NOT NULL)
public	idx_query_cache_source_created	query_cache	gbrain	btree	CREATE INDEX idx_query_cache_source_created ON public.query_cache USING btree (source_id, created_at DESC)
public	idx_query_cache_source_knobs_created	query_cache	gbrain	btree	CREATE INDEX idx_query_cache_source_knobs_created ON public.query_cache USING btree (source_id, knobs_hash, created_at DESC)
public	idx_rate_leases_key_expires	subagent_rate_leases	gbrain	btree	CREATE INDEX idx_rate_leases_key_expires ON public.subagent_rate_leases USING btree (key, expires_at)
public	idx_raw_data_page	raw_data	gbrain	btree	CREATE INDEX idx_raw_data_page ON public.raw_data USING btree (page_id)
public	idx_search_telemetry_date	search_telemetry	gbrain	btree	CREATE INDEX idx_search_telemetry_date ON public.search_telemetry USING btree (date DESC)
public	idx_subagent_messages_job	subagent_messages	gbrain	btree	CREATE INDEX idx_subagent_messages_job ON public.subagent_messages USING btree (job_id, message_idx)
public	idx_subagent_messages_provider	subagent_messages	gbrain	btree	CREATE INDEX idx_subagent_messages_provider ON public.subagent_messages USING btree (job_id, provider_id)
public	idx_subagent_tools_job	subagent_tool_executions	gbrain	btree	CREATE INDEX idx_subagent_tools_job ON public.subagent_tool_executions USING btree (job_id, status)
public	idx_synthesis_evidence_take	synthesis_evidence	gbrain	btree	CREATE INDEX idx_synthesis_evidence_take ON public.synthesis_evidence USING btree (take_page_id, take_row_num)
public	idx_tags_page_id	tags	gbrain	btree	CREATE INDEX idx_tags_page_id ON public.tags USING btree (page_id)
public	idx_tags_tag	tags	gbrain	btree	CREATE INDEX idx_tags_tag ON public.tags USING btree (tag)
public	idx_take_domain_assignments_domain	take_domain_assignments	gbrain	btree	CREATE INDEX idx_take_domain_assignments_domain ON public.take_domain_assignments USING btree (domain, take_id)
public	idx_take_proposal_scan_attempts_scan	take_proposal_scan_attempts	gbrain	btree	CREATE INDEX idx_take_proposal_scan_attempts_scan ON public.take_proposal_scan_attempts USING btree (scan_id, archived_at DESC)
public	idx_takes_embedding_hnsw	takes	gbrain	hnsw	CREATE INDEX idx_takes_embedding_hnsw ON public.takes USING hnsw (embedding vector_cosine_ops) WHERE (active AND (embedding IS NOT NULL))
public	idx_takes_holder_active	takes	gbrain	btree	CREATE INDEX idx_takes_holder_active ON public.takes USING btree (holder) WHERE active
public	idx_takes_kind_active	takes	gbrain	btree	CREATE INDEX idx_takes_kind_active ON public.takes USING btree (kind) WHERE active
public	idx_takes_page	takes	gbrain	btree	CREATE INDEX idx_takes_page ON public.takes USING btree (page_id)
public	idx_takes_resolved_at	takes	gbrain	btree	CREATE INDEX idx_takes_resolved_at ON public.takes USING btree (resolved_at) WHERE (resolved_at IS NOT NULL)
public	idx_takes_scorecard	takes	gbrain	btree	CREATE INDEX idx_takes_scorecard ON public.takes USING btree (holder, kind, resolved_quality) WHERE (resolved_quality IS NOT NULL)
public	idx_takes_weight_active	takes	gbrain	btree	CREATE INDEX idx_takes_weight_active ON public.takes USING btree (weight DESC) WHERE active
public	idx_timeline_date	timeline_entries	gbrain	btree	CREATE INDEX idx_timeline_date ON public.timeline_entries USING btree (date)
public	idx_timeline_dedup	timeline_entries	gbrain	btree	CREATE UNIQUE INDEX idx_timeline_dedup ON public.timeline_entries USING btree (page_id, date, summary, source)
public	idx_timeline_page	timeline_entries	gbrain	btree	CREATE INDEX idx_timeline_page ON public.timeline_entries USING btree (page_id)
public	idx_versions_page	page_versions	gbrain	btree	CREATE INDEX idx_versions_page ON public.page_versions USING btree (page_id)
public	ingest_log_pkey	ingest_log	gbrain	btree	CREATE UNIQUE INDEX ingest_log_pkey ON public.ingest_log USING btree (id)
public	intake_batches_pkey	intake_batches	gbrain	btree	CREATE UNIQUE INDEX intake_batches_pkey ON public.intake_batches USING btree (id)
public	intake_events_pkey	intake_events	gbrain	btree	CREATE UNIQUE INDEX intake_events_pkey ON public.intake_events USING btree (id)
public	intake_files_pkey	intake_files	gbrain	btree	CREATE UNIQUE INDEX intake_files_pkey ON public.intake_files USING btree (id)
public	intake_link_selections_file_id_link_type_direction_target_s_key	intake_link_selections	gbrain	btree	CREATE UNIQUE INDEX intake_link_selections_file_id_link_type_direction_target_s_key ON public.intake_link_selections USING btree (file_id, link_type, direction, target_source_id, target_slug)
public	intake_link_selections_pkey	intake_link_selections	gbrain	btree	CREATE UNIQUE INDEX intake_link_selections_pkey ON public.intake_link_selections USING btree (id)
public	intake_new_objects_file_id_source_id_slug_key	intake_new_objects	gbrain	btree	CREATE UNIQUE INDEX intake_new_objects_file_id_source_id_slug_key ON public.intake_new_objects USING btree (file_id, source_id, slug)
public	intake_new_objects_pkey	intake_new_objects	gbrain	btree	CREATE UNIQUE INDEX intake_new_objects_pkey ON public.intake_new_objects USING btree (id)
public	intake_object_link_selections_object_id_link_type_direction_key	intake_object_link_selections	gbrain	btree	CREATE UNIQUE INDEX intake_object_link_selections_object_id_link_type_direction_key ON public.intake_object_link_selections USING btree (object_id, link_type, direction, target_source_id, target_slug)
public	intake_object_link_selections_pkey	intake_object_link_selections	gbrain	btree	CREATE UNIQUE INDEX intake_object_link_selections_pkey ON public.intake_object_link_selections USING btree (id)
public	intake_review_items_pkey	intake_review_items	gbrain	btree	CREATE UNIQUE INDEX intake_review_items_pkey ON public.intake_review_items USING btree (id)
public	links_from_to_type_source_origin_unique	links	gbrain	btree	CREATE UNIQUE INDEX links_from_to_type_source_origin_unique ON public.links USING btree (from_page_id, to_page_id, link_type, link_source, origin_page_id) NULLS NOT DISTINCT
public	links_pkey	links	gbrain	btree	CREATE UNIQUE INDEX links_pkey ON public.links USING btree (id)
public	mcp_request_log_pkey	mcp_request_log	gbrain	btree	CREATE UNIQUE INDEX mcp_request_log_pkey ON public.mcp_request_log USING btree (id)
public	mcp_spend_log_pkey	mcp_spend_log	gbrain	btree	CREATE UNIQUE INDEX mcp_spend_log_pkey ON public.mcp_spend_log USING btree (id)
public	mcp_spend_reservations_pkey	mcp_spend_reservations	gbrain	btree	CREATE UNIQUE INDEX mcp_spend_reservations_pkey ON public.mcp_spend_reservations USING btree (reservation_id)
public	migration_impact_log_attribution_idx	migration_impact_log	gbrain	btree	CREATE INDEX migration_impact_log_attribution_idx ON public.migration_impact_log USING btree (job_id, source_id) WHERE (job_id IS NOT NULL)
public	migration_impact_log_pkey	migration_impact_log	gbrain	btree	CREATE UNIQUE INDEX migration_impact_log_pkey ON public.migration_impact_log USING btree (id)
public	migration_impact_log_remediation_idx	migration_impact_log	gbrain	btree	CREATE INDEX migration_impact_log_remediation_idx ON public.migration_impact_log USING btree (remediation_id, applied_at DESC)
public	minion_attachments_pkey	minion_attachments	gbrain	btree	CREATE UNIQUE INDEX minion_attachments_pkey ON public.minion_attachments USING btree (id)
public	minion_budget_log_owner_idx	minion_budget_log	gbrain	btree	CREATE INDEX minion_budget_log_owner_idx ON public.minion_budget_log USING btree (owner_id)
public	minion_budget_log_pkey	minion_budget_log	gbrain	btree	CREATE UNIQUE INDEX minion_budget_log_pkey ON public.minion_budget_log USING btree (id)
public	minion_budget_log_recent_idx	minion_budget_log	gbrain	btree	CREATE INDEX minion_budget_log_recent_idx ON public.minion_budget_log USING btree (occurred_at DESC)
public	minion_inbox_pkey	minion_inbox	gbrain	btree	CREATE UNIQUE INDEX minion_inbox_pkey ON public.minion_inbox USING btree (id)
public	minion_jobs_budget_owner_idx	minion_jobs	gbrain	btree	CREATE INDEX minion_jobs_budget_owner_idx ON public.minion_jobs USING btree (budget_owner_job_id) WHERE (budget_owner_job_id IS NOT NULL)
public	minion_jobs_budget_root_owner_idx	minion_jobs	gbrain	btree	CREATE INDEX minion_jobs_budget_root_owner_idx ON public.minion_jobs USING btree (budget_root_owner_id) WHERE (budget_root_owner_id IS NOT NULL)
public	minion_jobs_doctor_run_id_idx	minion_jobs	gbrain	gin	CREATE INDEX minion_jobs_doctor_run_id_idx ON public.minion_jobs USING gin (data jsonb_path_ops) WHERE (data ? 'doctor_run_id'::text)
public	minion_jobs_pkey	minion_jobs	gbrain	btree	CREATE UNIQUE INDEX minion_jobs_pkey ON public.minion_jobs USING btree (id)
public	minion_lease_pressure_log_job_idx	minion_lease_pressure_log	gbrain	btree	CREATE INDEX minion_lease_pressure_log_job_idx ON public.minion_lease_pressure_log USING btree (job_id)
public	minion_lease_pressure_log_pkey	minion_lease_pressure_log	gbrain	btree	CREATE UNIQUE INDEX minion_lease_pressure_log_pkey ON public.minion_lease_pressure_log USING btree (id)
public	minion_lease_pressure_log_recent_idx	minion_lease_pressure_log	gbrain	btree	CREATE INDEX minion_lease_pressure_log_recent_idx ON public.minion_lease_pressure_log USING btree (bounced_at DESC)
public	minion_self_fix_log_parent_idx	minion_self_fix_log	gbrain	btree	CREATE INDEX minion_self_fix_log_parent_idx ON public.minion_self_fix_log USING btree (parent_id)
public	minion_self_fix_log_pkey	minion_self_fix_log	gbrain	btree	CREATE UNIQUE INDEX minion_self_fix_log_pkey ON public.minion_self_fix_log USING btree (id)
public	minion_self_fix_log_recent_idx	minion_self_fix_log	gbrain	btree	CREATE INDEX minion_self_fix_log_recent_idx ON public.minion_self_fix_log USING btree (occurred_at DESC)
public	oauth_clients_pkey	oauth_clients	gbrain	btree	CREATE UNIQUE INDEX oauth_clients_pkey ON public.oauth_clients USING btree (client_id)
public	oauth_codes_pkey	oauth_codes	gbrain	btree	CREATE UNIQUE INDEX oauth_codes_pkey ON public.oauth_codes USING btree (code_hash)
public	oauth_tokens_pkey	oauth_tokens	gbrain	btree	CREATE UNIQUE INDEX oauth_tokens_pkey ON public.oauth_tokens USING btree (token_hash)
public	op_checkpoint_paths_pkey	op_checkpoint_paths	gbrain	btree	CREATE UNIQUE INDEX op_checkpoint_paths_pkey ON public.op_checkpoint_paths USING btree (op, fingerprint, path)
public	op_checkpoints_pkey	op_checkpoints	gbrain	btree	CREATE UNIQUE INDEX op_checkpoints_pkey ON public.op_checkpoints USING btree (op, fingerprint)
public	op_checkpoints_updated_at_idx	op_checkpoints	gbrain	btree	CREATE INDEX op_checkpoints_updated_at_idx ON public.op_checkpoints USING btree (updated_at)
public	page_aliases_lookup_idx	page_aliases	gbrain	btree	CREATE INDEX page_aliases_lookup_idx ON public.page_aliases USING btree (source_id, alias_norm)
public	page_aliases_pkey	page_aliases	gbrain	btree	CREATE UNIQUE INDEX page_aliases_pkey ON public.page_aliases USING btree (id)
public	page_aliases_slug_idx	page_aliases	gbrain	btree	CREATE INDEX page_aliases_slug_idx ON public.page_aliases USING btree (source_id, slug)
public	page_aliases_uniq	page_aliases	gbrain	btree	CREATE UNIQUE INDEX page_aliases_uniq ON public.page_aliases USING btree (source_id, alias_norm, slug)
public	page_generation_clock_pkey	page_generation_clock	gbrain	btree	CREATE UNIQUE INDEX page_generation_clock_pkey ON public.page_generation_clock USING btree (id)
public	page_versions_pkey	page_versions	gbrain	btree	CREATE UNIQUE INDEX page_versions_pkey ON public.page_versions USING btree (id)
public	pages_atom_source_hash_idx	pages	gbrain	btree	CREATE INDEX pages_atom_source_hash_idx ON public.pages USING btree (((frontmatter ->> 'source_hash'::text))) WHERE ((type = 'atom'::text) AND (deleted_at IS NULL))
public	pages_chunker_version_idx	pages	gbrain	btree	CREATE INDEX pages_chunker_version_idx ON public.pages USING btree (chunker_version) WHERE (page_kind = 'markdown'::text)
public	pages_coalesce_date_idx	pages	gbrain	btree	CREATE INDEX pages_coalesce_date_idx ON public.pages USING btree (COALESCE(effective_date, updated_at))
public	pages_dedup_idx	pages	gbrain	btree	CREATE INDEX pages_dedup_idx ON public.pages USING btree (source_id, content_hash) WHERE (deleted_at IS NULL)
public	pages_deleted_at_purge_idx	pages	gbrain	btree	CREATE INDEX pages_deleted_at_purge_idx ON public.pages USING btree (deleted_at) WHERE (deleted_at IS NOT NULL)
public	pages_generation_idx	pages	gbrain	btree	CREATE INDEX pages_generation_idx ON public.pages USING btree (generation)
public	pages_last_retrieved_at_idx	pages	gbrain	btree	CREATE INDEX pages_last_retrieved_at_idx ON public.pages USING btree (last_retrieved_at)
public	pages_links_extracted_at_idx	pages	gbrain	btree	CREATE INDEX pages_links_extracted_at_idx ON public.pages USING btree (source_id, links_extracted_at)
public	pages_pkey	pages	gbrain	btree	CREATE UNIQUE INDEX pages_pkey ON public.pages USING btree (id)
public	pages_source_path_idx	pages	gbrain	btree	CREATE INDEX pages_source_path_idx ON public.pages USING btree (source_path) WHERE (source_path IS NOT NULL)
public	pages_source_slug_key	pages	gbrain	btree	CREATE UNIQUE INDEX pages_source_slug_key ON public.pages USING btree (source_id, slug)
public	portal_access_request_grants_pkey	portal_access_request_grants	gbrain	btree	CREATE UNIQUE INDEX portal_access_request_grants_pkey ON public.portal_access_request_grants USING btree (request_id, source_id)
public	portal_access_requests_pkey	portal_access_requests	gbrain	btree	CREATE UNIQUE INDEX portal_access_requests_pkey ON public.portal_access_requests USING btree (id)
public	portal_access_requests_status_time_idx	portal_access_requests	gbrain	btree	CREATE INDEX portal_access_requests_status_time_idx ON public.portal_access_requests USING btree (status, requested_at DESC)
public	portal_acl_audit_pkey	portal_acl_audit	gbrain	btree	CREATE UNIQUE INDEX portal_acl_audit_pkey ON public.portal_acl_audit USING btree (id)
public	portal_acl_audit_request_idx	portal_acl_audit	gbrain	btree	CREATE INDEX portal_acl_audit_request_idx ON public.portal_acl_audit USING btree (request_id, created_at DESC)
public	portal_acl_audit_subject_time_idx	portal_acl_audit	gbrain	btree	CREATE INDEX portal_acl_audit_subject_time_idx ON public.portal_acl_audit USING btree (subject_email, created_at DESC)
public	portal_source_grants_pkey	portal_source_grants	gbrain	btree	CREATE UNIQUE INDEX portal_source_grants_pkey ON public.portal_source_grants USING btree (user_email, source_id)
public	portal_source_grants_source_idx	portal_source_grants	gbrain	btree	CREATE INDEX portal_source_grants_source_idx ON public.portal_source_grants USING btree (source_id, user_email)
public	portal_users_keycloak_sub_key	portal_users	gbrain	btree	CREATE UNIQUE INDEX portal_users_keycloak_sub_key ON public.portal_users USING btree (keycloak_sub)
public	portal_users_pkey	portal_users	gbrain	btree	CREATE UNIQUE INDEX portal_users_pkey ON public.portal_users USING btree (email)
public	query_cache_pkey	query_cache	gbrain	btree	CREATE UNIQUE INDEX query_cache_pkey ON public.query_cache USING btree (id)
public	raw_data_page_id_source_key	raw_data	gbrain	btree	CREATE UNIQUE INDEX raw_data_page_id_source_key ON public.raw_data USING btree (page_id, source)
public	raw_data_pkey	raw_data	gbrain	btree	CREATE UNIQUE INDEX raw_data_pkey ON public.raw_data USING btree (id)
public	search_telemetry_pkey	search_telemetry	gbrain	btree	CREATE UNIQUE INDEX search_telemetry_pkey ON public.search_telemetry USING btree (date, mode, intent)
public	slug_aliases_canonical_idx	slug_aliases	gbrain	btree	CREATE INDEX slug_aliases_canonical_idx ON public.slug_aliases USING btree (source_id, canonical_slug)
public	slug_aliases_pkey	slug_aliases	gbrain	btree	CREATE UNIQUE INDEX slug_aliases_pkey ON public.slug_aliases USING btree (id)
public	slug_aliases_uniq	slug_aliases	gbrain	btree	CREATE UNIQUE INDEX slug_aliases_uniq ON public.slug_aliases USING btree (source_id, alias_slug)
public	source_article_views_input_idx	source_article_views	gbrain	btree	CREATE INDEX source_article_views_input_idx ON public.source_article_views USING btree (input_kind, input_id)
public	source_article_views_pkey	source_article_views	gbrain	btree	CREATE UNIQUE INDEX source_article_views_pkey ON public.source_article_views USING btree (article_view_id)
public	source_article_views_status_idx	source_article_views	gbrain	btree	CREATE INDEX source_article_views_status_idx ON public.source_article_views USING btree (status, stale, target_source_id)
public	source_base_views_connector_idx	source_base_views	gbrain	btree	CREATE INDEX source_base_views_connector_idx ON public.source_base_views USING btree (connector_id, object_name)
public	source_base_views_pkey	source_base_views	gbrain	btree	CREATE UNIQUE INDEX source_base_views_pkey ON public.source_base_views USING btree (base_view_id)
public	source_connector_configs_connector_idx	source_connector_configs	gbrain	btree	CREATE INDEX source_connector_configs_connector_idx ON public.source_connector_configs USING btree (connector_id, source_object)
public	source_connector_configs_enabled_idx	source_connector_configs	gbrain	btree	CREATE INDEX source_connector_configs_enabled_idx ON public.source_connector_configs USING btree (enabled, connector_id, source_object)
public	source_connector_configs_pkey	source_connector_configs	gbrain	btree	CREATE UNIQUE INDEX source_connector_configs_pkey ON public.source_connector_configs USING btree (config_id)
public	source_connector_secret_audit_config_idx	source_connector_secret_audit	gbrain	btree	CREATE INDEX source_connector_secret_audit_config_idx ON public.source_connector_secret_audit USING btree (config_id, created_at DESC)
public	source_connector_secret_audit_pkey	source_connector_secret_audit	gbrain	btree	CREATE UNIQUE INDEX source_connector_secret_audit_pkey ON public.source_connector_secret_audit USING btree (id)
public	source_connector_secrets_connector_idx	source_connector_secrets	gbrain	btree	CREATE INDEX source_connector_secrets_connector_idx ON public.source_connector_secrets USING btree (connector_id, source_object)
public	source_connector_secrets_pkey	source_connector_secrets	gbrain	btree	CREATE UNIQUE INDEX source_connector_secrets_pkey ON public.source_connector_secrets USING btree (config_id)
public	source_connectors_kind_idx	source_connectors	gbrain	btree	CREATE INDEX source_connectors_kind_idx ON public.source_connectors USING btree (kind, enabled)
public	source_connectors_pkey	source_connectors	gbrain	btree	CREATE UNIQUE INDEX source_connectors_pkey ON public.source_connectors USING btree (connector_id)
public	source_ingest_profile_versions_pkey	source_ingest_profile_versions	gbrain	btree	CREATE UNIQUE INDEX source_ingest_profile_versions_pkey ON public.source_ingest_profile_versions USING btree (profile_id, version)
public	source_ingest_profiles_pkey	source_ingest_profiles	gbrain	btree	CREATE UNIQUE INDEX source_ingest_profiles_pkey ON public.source_ingest_profiles USING btree (profile_id)
public	source_ingest_profiles_source_idx	source_ingest_profiles	gbrain	btree	CREATE INDEX source_ingest_profiles_source_idx ON public.source_ingest_profiles USING btree (approved_source_id) WHERE (approved_source_id IS NOT NULL)
public	source_ingest_profiles_status_idx	source_ingest_profiles	gbrain	btree	CREATE INDEX source_ingest_profiles_status_idx ON public.source_ingest_profiles USING btree (status, connector_id, source_object)
public	source_ingest_run_items_external_idx	source_ingest_run_items	gbrain	btree	CREATE INDEX source_ingest_run_items_external_idx ON public.source_ingest_run_items USING btree (connector_id, source_object, external_id, created_at DESC)
public	source_ingest_run_items_pkey	source_ingest_run_items	gbrain	btree	CREATE UNIQUE INDEX source_ingest_run_items_pkey ON public.source_ingest_run_items USING btree (run_id, connector_id, source_object, external_id)
public	source_ingest_run_items_run_idx	source_ingest_run_items	gbrain	btree	CREATE INDEX source_ingest_run_items_run_idx ON public.source_ingest_run_items USING btree (run_id, approved_source_id, slug)
public	source_sync_state_pkey	source_sync_state	gbrain	btree	CREATE UNIQUE INDEX source_sync_state_pkey ON public.source_sync_state USING btree (profile_id, connector_id, source_object, external_id)
public	source_sync_state_profile_idx	source_sync_state	gbrain	btree	CREATE INDEX source_sync_state_profile_idx ON public.source_sync_state USING btree (profile_id, profile_version)
public	source_sync_state_run_idx	source_sync_state	gbrain	btree	CREATE INDEX source_sync_state_run_idx ON public.source_sync_state USING btree (run_id) WHERE (run_id IS NOT NULL)
public	source_sync_state_source_slug_idx	source_sync_state	gbrain	btree	CREATE INDEX source_sync_state_source_slug_idx ON public.source_sync_state USING btree (approved_source_id, slug)
public	source_sync_state_stale_idx	source_sync_state	gbrain	btree	CREATE INDEX source_sync_state_stale_idx ON public.source_sync_state USING btree (approved_source_id, stale_after) WHERE (stale_after IS NOT NULL)
public	source_transform_views_pkey	source_transform_views	gbrain	btree	CREATE UNIQUE INDEX source_transform_views_pkey ON public.source_transform_views USING btree (transform_view_id)
public	sources_github_repo_idx	sources	gbrain	btree	CREATE INDEX sources_github_repo_idx ON public.sources USING btree (((config ->> 'github_repo'::text))) WHERE (config ? 'github_repo'::text)
public	sources_name_key	sources	gbrain	btree	CREATE UNIQUE INDEX sources_name_key ON public.sources USING btree (name)
public	sources_pkey	sources	gbrain	btree	CREATE UNIQUE INDEX sources_pkey ON public.sources USING btree (id)
public	subagent_messages_pkey	subagent_messages	gbrain	btree	CREATE UNIQUE INDEX subagent_messages_pkey ON public.subagent_messages USING btree (id)
public	subagent_rate_leases_pkey	subagent_rate_leases	gbrain	btree	CREATE UNIQUE INDEX subagent_rate_leases_pkey ON public.subagent_rate_leases USING btree (id)
public	subagent_tool_executions_pkey	subagent_tool_executions	gbrain	btree	CREATE UNIQUE INDEX subagent_tool_executions_pkey ON public.subagent_tool_executions USING btree (id)
public	subagent_tool_executions_stable_id	subagent_tool_executions	gbrain	btree	CREATE UNIQUE INDEX subagent_tool_executions_stable_id ON public.subagent_tool_executions USING btree (job_id, message_idx, ordinal)
public	synthesis_evidence_pkey	synthesis_evidence	gbrain	btree	CREATE UNIQUE INDEX synthesis_evidence_pkey ON public.synthesis_evidence USING btree (synthesis_page_id, take_page_id, take_row_num)
public	tags_page_id_tag_key	tags	gbrain	btree	CREATE UNIQUE INDEX tags_page_id_tag_key ON public.tags USING btree (page_id, tag)
public	tags_pkey	tags	gbrain	btree	CREATE UNIQUE INDEX tags_pkey ON public.tags USING btree (id)
public	take_domain_assignments_pkey	take_domain_assignments	gbrain	btree	CREATE UNIQUE INDEX take_domain_assignments_pkey ON public.take_domain_assignments USING btree (take_id, domain)
public	take_grade_cache_applied_idx	take_grade_cache	gbrain	btree	CREATE INDEX take_grade_cache_applied_idx ON public.take_grade_cache USING btree (take_id, applied)
public	take_grade_cache_pkey	take_grade_cache	gbrain	btree	CREATE UNIQUE INDEX take_grade_cache_pkey ON public.take_grade_cache USING btree (take_id, prompt_version, judge_model_id, evidence_signature)
public	take_grade_cache_wave_idx	take_grade_cache	gbrain	btree	CREATE INDEX take_grade_cache_wave_idx ON public.take_grade_cache USING btree (wave_version, graded_at DESC)
public	take_nudge_log_pkey	take_nudge_log	gbrain	btree	CREATE UNIQUE INDEX take_nudge_log_pkey ON public.take_nudge_log USING btree (id)
public	take_nudge_log_proposal_cooldown_idx	take_nudge_log	gbrain	btree	CREATE INDEX take_nudge_log_proposal_cooldown_idx ON public.take_nudge_log USING btree (proposal_id, nudge_pattern, fired_at DESC) WHERE (proposal_id IS NOT NULL)
public	take_nudge_log_take_cooldown_idx	take_nudge_log	gbrain	btree	CREATE INDEX take_nudge_log_take_cooldown_idx ON public.take_nudge_log USING btree (take_id, nudge_pattern, fired_at DESC) WHERE (take_id IS NOT NULL)
public	take_nudge_log_wave_idx	take_nudge_log	gbrain	btree	CREATE INDEX take_nudge_log_wave_idx ON public.take_nudge_log USING btree (wave_version, fired_at DESC)
public	take_proposal_scan_attempts_pkey	take_proposal_scan_attempts	gbrain	btree	CREATE UNIQUE INDEX take_proposal_scan_attempts_pkey ON public.take_proposal_scan_attempts USING btree (id)
public	take_proposal_scan_attempts_scan_id_proposal_run_id_key	take_proposal_scan_attempts	gbrain	btree	CREATE UNIQUE INDEX take_proposal_scan_attempts_scan_id_proposal_run_id_key ON public.take_proposal_scan_attempts USING btree (scan_id, proposal_run_id)
public	take_proposal_scans_pkey	take_proposal_scans	gbrain	btree	CREATE UNIQUE INDEX take_proposal_scans_pkey ON public.take_proposal_scans USING btree (id)
public	take_proposal_scans_source_id_page_slug_content_hash_prompt_key	take_proposal_scans	gbrain	btree	CREATE UNIQUE INDEX take_proposal_scans_source_id_page_slug_content_hash_prompt_key ON public.take_proposal_scans USING btree (source_id, page_slug, content_hash, prompt_version)
public	take_proposals_deferred_idx	take_proposals	gbrain	btree	CREATE INDEX take_proposals_deferred_idx ON public.take_proposals USING btree (source_id, proposed_at DESC) WHERE (status = 'deferred'::text)
public	take_proposals_idempotency_idx	take_proposals	gbrain	btree	CREATE UNIQUE INDEX take_proposals_idempotency_idx ON public.take_proposals USING btree (source_id, page_slug, content_hash, prompt_version, claim_hash)
public	take_proposals_one_pending_per_claim_idx	take_proposals	gbrain	btree	CREATE UNIQUE INDEX take_proposals_one_pending_per_claim_idx ON public.take_proposals USING btree (source_id, page_slug, claim_hash) WHERE (status = 'pending'::text)
public	take_proposals_pending_idx	take_proposals	gbrain	btree	CREATE INDEX take_proposals_pending_idx ON public.take_proposals USING btree (source_id, status, proposed_at DESC) WHERE (status = 'pending'::text)
public	take_proposals_pkey	take_proposals	gbrain	btree	CREATE UNIQUE INDEX take_proposals_pkey ON public.take_proposals USING btree (id)
public	take_proposals_run_id_idx	take_proposals	gbrain	btree	CREATE INDEX take_proposals_run_id_idx ON public.take_proposals USING btree (proposal_run_id)
public	takes_page_row_key	takes	gbrain	btree	CREATE UNIQUE INDEX takes_page_row_key ON public.takes USING btree (page_id, row_num)
public	takes_pkey	takes	gbrain	btree	CREATE UNIQUE INDEX takes_pkey ON public.takes USING btree (id)
public	takes_resolved_at_idx	takes	gbrain	btree	CREATE INDEX takes_resolved_at_idx ON public.takes USING btree (resolved_at DESC) WHERE (resolved_at IS NOT NULL)
public	think_ab_results_pkey	think_ab_results	gbrain	btree	CREATE UNIQUE INDEX think_ab_results_pkey ON public.think_ab_results USING btree (id)
public	think_ab_results_recent_idx	think_ab_results	gbrain	btree	CREATE INDEX think_ab_results_recent_idx ON public.think_ab_results USING btree (source_id, ran_at DESC)
public	timeline_entries_pkey	timeline_entries	gbrain	btree	CREATE UNIQUE INDEX timeline_entries_pkey ON public.timeline_entries USING btree (id)
public	uniq_minion_attachments_job_filename	minion_attachments	gbrain	btree	CREATE UNIQUE INDEX uniq_minion_attachments_job_filename ON public.minion_attachments USING btree (job_id, filename)
public	uniq_minion_jobs_idempotency	minion_jobs	gbrain	btree	CREATE UNIQUE INDEX uniq_minion_jobs_idempotency ON public.minion_jobs USING btree (idempotency_key) WHERE (idempotency_key IS NOT NULL)
public	uniq_subagent_messages_idx	subagent_messages	gbrain	btree	CREATE UNIQUE INDEX uniq_subagent_messages_idx ON public.subagent_messages USING btree (job_id, message_idx)
public	uniq_subagent_tools_use_id	subagent_tool_executions	gbrain	btree	CREATE UNIQUE INDEX uniq_subagent_tools_use_id ON public.subagent_tool_executions USING btree (job_id, tool_use_id)
