type_name	type_kind	owner	acl	extension
_access_tokens	b	gbrain	[NULL]	[none]
_ai_review_assignments	b	gbrain	[NULL]	[none]
_ai_review_events	b	gbrain	[NULL]	[none]
_ai_review_revisions	b	gbrain	[NULL]	[none]
_ai_review_rounds	b	gbrain	[NULL]	[none]
_ai_review_votes	b	gbrain	[NULL]	[none]
_budget_ledger	b	gbrain	[NULL]	[none]
_budget_reservations	b	gbrain	[NULL]	[none]
_calibration_profiles	b	gbrain	[NULL]	[none]
_code_edges_chunk	b	gbrain	[NULL]	[none]
_code_edges_symbol	b	gbrain	[NULL]	[none]
_code_traversal_cache	b	gbrain	[NULL]	[none]
_concept_proposals	b	gbrain	[NULL]	[none]
_config	b	gbrain	[NULL]	[none]
_content_chunks	b	gbrain	[NULL]	[none]
_context_volunteer_events	b	gbrain	[NULL]	[none]
_conversation_parser_llm_cache	b	gbrain	[NULL]	[none]
_dream_verdicts	b	gbrain	[NULL]	[none]
_drift_decisions	b	gbrain	[NULL]	[none]
_eval_candidates	b	gbrain	[NULL]	[none]
_eval_capture_failures	b	gbrain	[NULL]	[none]
_eval_contradictions_cache	b	gbrain	[NULL]	[none]
_eval_contradictions_runs	b	gbrain	[NULL]	[none]
_eval_takes_quality_runs	b	gbrain	[NULL]	[none]
_extract_rollup_7d	b	gbrain	[NULL]	[none]
_facts	b	gbrain	[NULL]	[none]
_file_migration_ledger	b	gbrain	[NULL]	[none]
_files	b	gbrain	[NULL]	[none]
_gbrain_cycle_locks	b	gbrain	[NULL]	[none]
_gtrgm	b	postgres	[NULL]	[none]
_ingest_log	b	gbrain	[NULL]	[none]
_intake_batches	b	gbrain	[NULL]	[none]
_intake_events	b	gbrain	[NULL]	[none]
_intake_files	b	gbrain	[NULL]	[none]
_intake_link_selections	b	gbrain	[NULL]	[none]
_intake_new_objects	b	gbrain	[NULL]	[none]
_intake_object_link_selections	b	gbrain	[NULL]	[none]
_intake_review_items	b	gbrain	[NULL]	[none]
_links	b	gbrain	[NULL]	[none]
_mcp_request_log	b	gbrain	[NULL]	[none]
_mcp_spend_log	b	gbrain	[NULL]	[none]
_mcp_spend_reservations	b	gbrain	[NULL]	[none]
_migration_impact_log	b	gbrain	[NULL]	[none]
_minion_attachments	b	gbrain	[NULL]	[none]
_minion_budget_log	b	gbrain	[NULL]	[none]
_minion_inbox	b	gbrain	[NULL]	[none]
_minion_jobs	b	gbrain	[NULL]	[none]
_minion_lease_pressure_log	b	gbrain	[NULL]	[none]
_minion_self_fix_log	b	gbrain	[NULL]	[none]
_oauth_clients	b	gbrain	[NULL]	[none]
_oauth_codes	b	gbrain	[NULL]	[none]
_oauth_tokens	b	gbrain	[NULL]	[none]
_op_checkpoint_paths	b	gbrain	[NULL]	[none]
_op_checkpoints	b	gbrain	[NULL]	[none]
_page_aliases	b	gbrain	[NULL]	[none]
_page_generation_clock	b	gbrain	[NULL]	[none]
_page_links	b	gbrain	[NULL]	[none]
_page_versions	b	gbrain	[NULL]	[none]
_pages	b	gbrain	[NULL]	[none]
_portal_access_request_grants	b	gbrain	[NULL]	[none]
_portal_access_requests	b	gbrain	[NULL]	[none]
_portal_acl_audit	b	gbrain	[NULL]	[none]
_portal_source_grants	b	gbrain	[NULL]	[none]
_portal_users	b	gbrain	[NULL]	[none]
_query_cache	b	gbrain	[NULL]	[none]
_raw_data	b	gbrain	[NULL]	[none]
_search_telemetry	b	gbrain	[NULL]	[none]
_slug_aliases	b	gbrain	[NULL]	[none]
_source_article_views	b	gbrain	[NULL]	[none]
_source_base_views	b	gbrain	[NULL]	[none]
_source_connector_configs	b	gbrain	[NULL]	[none]
_source_connector_secret_audit	b	gbrain	[NULL]	[none]
_source_connector_secrets	b	gbrain	[NULL]	[none]
_source_connectors	b	gbrain	[NULL]	[none]
_source_ingest_profile_versions	b	gbrain	[NULL]	[none]
_source_ingest_profiles	b	gbrain	[NULL]	[none]
_source_ingest_run_items	b	gbrain	[NULL]	[none]
_source_sync_state	b	gbrain	[NULL]	[none]
_source_transform_views	b	gbrain	[NULL]	[none]
_sources	b	gbrain	[NULL]	[none]
_subagent_messages	b	gbrain	[NULL]	[none]
_subagent_rate_leases	b	gbrain	[NULL]	[none]
_subagent_tool_executions	b	gbrain	[NULL]	[none]
_synthesis_evidence	b	gbrain	[NULL]	[none]
_tags	b	gbrain	[NULL]	[none]
_take_domain_assignments	b	gbrain	[NULL]	[none]
_take_grade_cache	b	gbrain	[NULL]	[none]
_take_nudge_log	b	gbrain	[NULL]	[none]
_take_proposal_scan_attempts	b	gbrain	[NULL]	[none]
_take_proposal_scans	b	gbrain	[NULL]	[none]
_take_proposals	b	gbrain	[NULL]	[none]
_takes	b	gbrain	[NULL]	[none]
_think_ab_results	b	gbrain	[NULL]	[none]
_timeline_entries	b	gbrain	[NULL]	[none]
_vector	b	postgres	[NULL]	[none]
access_tokens	c	gbrain	[NULL]	[none]
ai_review_assignments	c	gbrain	[NULL]	[none]
ai_review_events	c	gbrain	[NULL]	[none]
ai_review_revisions	c	gbrain	[NULL]	[none]
ai_review_rounds	c	gbrain	[NULL]	[none]
ai_review_votes	c	gbrain	[NULL]	[none]
budget_ledger	c	gbrain	[NULL]	[none]
budget_reservations	c	gbrain	[NULL]	[none]
calibration_profiles	c	gbrain	[NULL]	[none]
code_edges_chunk	c	gbrain	[NULL]	[none]
code_edges_symbol	c	gbrain	[NULL]	[none]
code_traversal_cache	c	gbrain	[NULL]	[none]
concept_proposals	c	gbrain	[NULL]	[none]
config	c	gbrain	[NULL]	[none]
content_chunks	c	gbrain	[NULL]	[none]
context_volunteer_events	c	gbrain	[NULL]	[none]
conversation_parser_llm_cache	c	gbrain	[NULL]	[none]
dream_verdicts	c	gbrain	[NULL]	[none]
drift_decisions	c	gbrain	[NULL]	[none]
eval_candidates	c	gbrain	[NULL]	[none]
eval_capture_failures	c	gbrain	[NULL]	[none]
eval_contradictions_cache	c	gbrain	[NULL]	[none]
eval_contradictions_runs	c	gbrain	[NULL]	[none]
eval_takes_quality_runs	c	gbrain	[NULL]	[none]
extract_rollup_7d	c	gbrain	[NULL]	[none]
facts	c	gbrain	[NULL]	[none]
file_migration_ledger	c	gbrain	[NULL]	[none]
files	c	gbrain	[NULL]	[none]
gbrain_cycle_locks	c	gbrain	[NULL]	[none]
gtrgm	b	postgres	[NULL]	pg_trgm
ingest_log	c	gbrain	[NULL]	[none]
intake_batches	c	gbrain	[NULL]	[none]
intake_events	c	gbrain	[NULL]	[none]
intake_files	c	gbrain	[NULL]	[none]
intake_link_selections	c	gbrain	[NULL]	[none]
intake_new_objects	c	gbrain	[NULL]	[none]
intake_object_link_selections	c	gbrain	[NULL]	[none]
intake_review_items	c	gbrain	[NULL]	[none]
links	c	gbrain	[NULL]	[none]
mcp_request_log	c	gbrain	[NULL]	[none]
mcp_spend_log	c	gbrain	[NULL]	[none]
mcp_spend_reservations	c	gbrain	[NULL]	[none]
migration_impact_log	c	gbrain	[NULL]	[none]
minion_attachments	c	gbrain	[NULL]	[none]
minion_budget_log	c	gbrain	[NULL]	[none]
minion_inbox	c	gbrain	[NULL]	[none]
minion_jobs	c	gbrain	[NULL]	[none]
minion_lease_pressure_log	c	gbrain	[NULL]	[none]
minion_self_fix_log	c	gbrain	[NULL]	[none]
oauth_clients	c	gbrain	[NULL]	[none]
oauth_codes	c	gbrain	[NULL]	[none]
oauth_tokens	c	gbrain	[NULL]	[none]
op_checkpoint_paths	c	gbrain	[NULL]	[none]
op_checkpoints	c	gbrain	[NULL]	[none]
page_aliases	c	gbrain	[NULL]	[none]
page_generation_clock	c	gbrain	[NULL]	[none]
page_links	c	gbrain	[NULL]	[none]
page_versions	c	gbrain	[NULL]	[none]
pages	c	gbrain	[NULL]	[none]
portal_access_request_grants	c	gbrain	[NULL]	[none]
portal_access_requests	c	gbrain	[NULL]	[none]
portal_acl_audit	c	gbrain	[NULL]	[none]
portal_source_grants	c	gbrain	[NULL]	[none]
portal_users	c	gbrain	[NULL]	[none]
query_cache	c	gbrain	[NULL]	[none]
raw_data	c	gbrain	[NULL]	[none]
search_telemetry	c	gbrain	[NULL]	[none]
slug_aliases	c	gbrain	[NULL]	[none]
source_article_views	c	gbrain	[NULL]	[none]
source_base_views	c	gbrain	[NULL]	[none]
source_connector_configs	c	gbrain	[NULL]	[none]
source_connector_secret_audit	c	gbrain	[NULL]	[none]
source_connector_secrets	c	gbrain	[NULL]	[none]
source_connectors	c	gbrain	[NULL]	[none]
source_ingest_profile_versions	c	gbrain	[NULL]	[none]
source_ingest_profiles	c	gbrain	[NULL]	[none]
source_ingest_run_items	c	gbrain	[NULL]	[none]
source_sync_state	c	gbrain	[NULL]	[none]
source_transform_views	c	gbrain	[NULL]	[none]
sources	c	gbrain	[NULL]	[none]
subagent_messages	c	gbrain	[NULL]	[none]
subagent_rate_leases	c	gbrain	[NULL]	[none]
subagent_tool_executions	c	gbrain	[NULL]	[none]
synthesis_evidence	c	gbrain	[NULL]	[none]
tags	c	gbrain	[NULL]	[none]
take_domain_assignments	c	gbrain	[NULL]	[none]
take_grade_cache	c	gbrain	[NULL]	[none]
take_nudge_log	c	gbrain	[NULL]	[none]
take_proposal_scan_attempts	c	gbrain	[NULL]	[none]
take_proposal_scans	c	gbrain	[NULL]	[none]
take_proposals	c	gbrain	[NULL]	[none]
takes	c	gbrain	[NULL]	[none]
think_ab_results	c	gbrain	[NULL]	[none]
timeline_entries	c	gbrain	[NULL]	[none]
vector	b	postgres	[NULL]	vector
