signature	owner	prokind	security_definer	acl	config
armor(bytea)	postgres	f	f	[NULL]	[NULL]
armor(bytea,text[],text[])	postgres	f	f	[NULL]	[NULL]
array_to_vector(double precision[],integer,boolean)	postgres	f	f	[NULL]	[NULL]
array_to_vector(integer[],integer,boolean)	postgres	f	f	[NULL]	[NULL]
array_to_vector(numeric[],integer,boolean)	postgres	f	f	[NULL]	[NULL]
array_to_vector(real[],integer,boolean)	postgres	f	f	[NULL]	[NULL]
auto_enable_rls()	gbrain	f	f	[NULL]	[NULL]
avg(vector)	postgres	a	f	[NULL]	[NULL]
bump_page_generation_clock_fn()	gbrain	f	f	[NULL]	[NULL]
bump_page_generation_fn()	gbrain	f	f	[NULL]	[NULL]
cosine_distance(vector,vector)	postgres	f	f	[NULL]	[NULL]
crypt(text,text)	postgres	f	f	[NULL]	[NULL]
dearmor(text)	postgres	f	f	[NULL]	[NULL]
decrypt(bytea,bytea,text)	postgres	f	f	[NULL]	[NULL]
decrypt_iv(bytea,bytea,bytea,text)	postgres	f	f	[NULL]	[NULL]
digest(bytea,text)	postgres	f	f	[NULL]	[NULL]
digest(text,text)	postgres	f	f	[NULL]	[NULL]
encrypt(bytea,bytea,text)	postgres	f	f	[NULL]	[NULL]
encrypt_iv(bytea,bytea,bytea,text)	postgres	f	f	[NULL]	[NULL]
gen_random_bytes(integer)	postgres	f	f	[NULL]	[NULL]
gen_salt(text)	postgres	f	f	[NULL]	[NULL]
gen_salt(text,integer)	postgres	f	f	[NULL]	[NULL]
gin_extract_query_trgm(text,internal,smallint,internal,internal,internal,internal)	postgres	f	f	[NULL]	[NULL]
gin_extract_value_trgm(text,internal)	postgres	f	f	[NULL]	[NULL]
gin_trgm_consistent(internal,smallint,text,integer,internal,internal,internal,internal)	postgres	f	f	[NULL]	[NULL]
gin_trgm_triconsistent(internal,smallint,text,integer,internal,internal,internal)	postgres	f	f	[NULL]	[NULL]
gtrgm_compress(internal)	postgres	f	f	[NULL]	[NULL]
gtrgm_consistent(internal,text,smallint,oid,internal)	postgres	f	f	[NULL]	[NULL]
gtrgm_decompress(internal)	postgres	f	f	[NULL]	[NULL]
gtrgm_distance(internal,text,smallint,oid,internal)	postgres	f	f	[NULL]	[NULL]
gtrgm_in(cstring)	postgres	f	f	[NULL]	[NULL]
gtrgm_options(internal)	postgres	f	f	[NULL]	[NULL]
gtrgm_out(gtrgm)	postgres	f	f	[NULL]	[NULL]
gtrgm_penalty(internal,internal,internal)	postgres	f	f	[NULL]	[NULL]
gtrgm_picksplit(internal,internal)	postgres	f	f	[NULL]	[NULL]
gtrgm_same(gtrgm,gtrgm,internal)	postgres	f	f	[NULL]	[NULL]
gtrgm_union(internal,internal)	postgres	f	f	[NULL]	[NULL]
hmac(bytea,bytea,text)	postgres	f	f	[NULL]	[NULL]
hmac(text,text,text)	postgres	f	f	[NULL]	[NULL]
hnswhandler(internal)	postgres	f	f	[NULL]	[NULL]
inner_product(vector,vector)	postgres	f	f	[NULL]	[NULL]
ivfflathandler(internal)	postgres	f	f	[NULL]	[NULL]
l1_distance(vector,vector)	postgres	f	f	[NULL]	[NULL]
l2_distance(vector,vector)	postgres	f	f	[NULL]	[NULL]
notify_minion_job_change()	gbrain	f	f	[NULL]	[NULL]
pgp_armor_headers(text)	postgres	f	f	[NULL]	[NULL]
pgp_key_id(bytea)	postgres	f	f	[NULL]	[NULL]
pgp_pub_decrypt(bytea,bytea)	postgres	f	f	[NULL]	[NULL]
pgp_pub_decrypt_bytea(bytea,bytea)	postgres	f	f	[NULL]	[NULL]
pgp_pub_decrypt_bytea(bytea,bytea,text)	postgres	f	f	[NULL]	[NULL]
pgp_pub_decrypt_bytea(bytea,bytea,text,text)	postgres	f	f	[NULL]	[NULL]
pgp_pub_decrypt(bytea,bytea,text)	postgres	f	f	[NULL]	[NULL]
pgp_pub_decrypt(bytea,bytea,text,text)	postgres	f	f	[NULL]	[NULL]
pgp_pub_encrypt_bytea(bytea,bytea)	postgres	f	f	[NULL]	[NULL]
pgp_pub_encrypt_bytea(bytea,bytea,text)	postgres	f	f	[NULL]	[NULL]
pgp_pub_encrypt(text,bytea)	postgres	f	f	[NULL]	[NULL]
pgp_pub_encrypt(text,bytea,text)	postgres	f	f	[NULL]	[NULL]
pgp_sym_decrypt_bytea(bytea,text)	postgres	f	f	[NULL]	[NULL]
pgp_sym_decrypt_bytea(bytea,text,text)	postgres	f	f	[NULL]	[NULL]
pgp_sym_decrypt(bytea,text)	postgres	f	f	[NULL]	[NULL]
pgp_sym_decrypt(bytea,text,text)	postgres	f	f	[NULL]	[NULL]
pgp_sym_encrypt_bytea(bytea,text)	postgres	f	f	[NULL]	[NULL]
pgp_sym_encrypt_bytea(bytea,text,text)	postgres	f	f	[NULL]	[NULL]
pgp_sym_encrypt(text,text)	postgres	f	f	[NULL]	[NULL]
pgp_sym_encrypt(text,text,text)	postgres	f	f	[NULL]	[NULL]
portal_acl_audit_append_only()	gbrain	f	f	[NULL]	[NULL]
portal_acl_guard_personal_grant()	gbrain	f	f	[NULL]	[NULL]
portal_acl_guard_user_identity()	gbrain	f	f	[NULL]	[NULL]
public.gen_random_uuid()	postgres	f	f	[NULL]	[NULL]
set_limit(real)	postgres	f	f	[NULL]	[NULL]
show_limit()	postgres	f	f	[NULL]	[NULL]
show_trgm(text)	postgres	f	f	[NULL]	[NULL]
similarity_dist(text,text)	postgres	f	f	[NULL]	[NULL]
similarity_op(text,text)	postgres	f	f	[NULL]	[NULL]
similarity(text,text)	postgres	f	f	[NULL]	[NULL]
strict_word_similarity_commutator_op(text,text)	postgres	f	f	[NULL]	[NULL]
strict_word_similarity_dist_commutator_op(text,text)	postgres	f	f	[NULL]	[NULL]
strict_word_similarity_dist_op(text,text)	postgres	f	f	[NULL]	[NULL]
strict_word_similarity_op(text,text)	postgres	f	f	[NULL]	[NULL]
strict_word_similarity(text,text)	postgres	f	f	[NULL]	[NULL]
sum(vector)	postgres	a	f	[NULL]	[NULL]
update_chunk_search_vector()	gbrain	f	f	[NULL]	[NULL]
update_page_search_vector()	gbrain	f	f	[NULL]	[NULL]
vector_accum(double precision[],vector)	postgres	f	f	[NULL]	[NULL]
vector_add(vector,vector)	postgres	f	f	[NULL]	[NULL]
vector_avg(double precision[])	postgres	f	f	[NULL]	[NULL]
vector_cmp(vector,vector)	postgres	f	f	[NULL]	[NULL]
vector_combine(double precision[],double precision[])	postgres	f	f	[NULL]	[NULL]
vector_dims(vector)	postgres	f	f	[NULL]	[NULL]
vector_eq(vector,vector)	postgres	f	f	[NULL]	[NULL]
vector_ge(vector,vector)	postgres	f	f	[NULL]	[NULL]
vector_gt(vector,vector)	postgres	f	f	[NULL]	[NULL]
vector_in(cstring,oid,integer)	postgres	f	f	[NULL]	[NULL]
vector_l2_squared_distance(vector,vector)	postgres	f	f	[NULL]	[NULL]
vector_le(vector,vector)	postgres	f	f	[NULL]	[NULL]
vector_lt(vector,vector)	postgres	f	f	[NULL]	[NULL]
vector_mul(vector,vector)	postgres	f	f	[NULL]	[NULL]
vector_negative_inner_product(vector,vector)	postgres	f	f	[NULL]	[NULL]
vector_ne(vector,vector)	postgres	f	f	[NULL]	[NULL]
vector_norm(vector)	postgres	f	f	[NULL]	[NULL]
vector_out(vector)	postgres	f	f	[NULL]	[NULL]
vector_recv(internal,oid,integer)	postgres	f	f	[NULL]	[NULL]
vector_send(vector)	postgres	f	f	[NULL]	[NULL]
vector_spherical_distance(vector,vector)	postgres	f	f	[NULL]	[NULL]
vector_sub(vector,vector)	postgres	f	f	[NULL]	[NULL]
vector_to_float4(vector,integer,boolean)	postgres	f	f	[NULL]	[NULL]
vector_typmod_in(cstring[])	postgres	f	f	[NULL]	[NULL]
vector(vector,integer,boolean)	postgres	f	f	[NULL]	[NULL]
word_similarity_commutator_op(text,text)	postgres	f	f	[NULL]	[NULL]
word_similarity_dist_commutator_op(text,text)	postgres	f	f	[NULL]	[NULL]
word_similarity_dist_op(text,text)	postgres	f	f	[NULL]	[NULL]
word_similarity_op(text,text)	postgres	f	f	[NULL]	[NULL]
word_similarity(text,text)	postgres	f	f	[NULL]	[NULL]
